{"Training Loss": 0.0005392463519079678, "_timestamp": 1684926010.8835356, "_runtime": 7241.993247509003, "_step": 59, "Validation Loss": 0.006180324141188209, "_wandb": {"runtime": 7241}}